Index;StdNo;Name;Surname;Average;Letter
1;210408003;MUHAMMED;SAVAS;82;BB
2;210408007;ALI UGUR;GUMUSLU;76,3;BB
3;210408011;ZEYNEP;ESKI;64;CC
4;210408018;SEMA;SER€E;64,2;CC
5;210408021;ZEHRA;BECERMEN;64,1;CC
6;210408033;ABDULKADIR EFE;BUGDAY;58;DC
7;210408034;BERAT;OZKAN;71,7;CB
8;210408044;MAHMUT ALPEREN;€AVUS;95,3;AA
9;210408902;BEHNAM;LAL MOGHADDAM;87,7;BA
10;210408908;ALI;DAGHIGHI;94,5;AA
11;210408914;MOHAMED;HAMMAM;59;DC
12;210408915;ABDULRAHMAN;AL KADAH;57,1;DC
13;210408916;RAGHAD;ABUSNAYMA;89,4;BA
14;210408919;MAYA;ALTELL;84;BB
15;210408920;SALMA ;ABOUELMAGD;79,9;BB
